train_r2,test_r2,train_mae,test_mae,train_r2_std,test_r2_std,train_mae_std,test_mae_std,learning_rate,n_estimators,random_state
0.8096930894567675,0.658418107609973,20.48638313846101,16.258268893226045,0.004781818186171618,0.027489131146086244,0.47958373651558883,4.036507965932059,0.01,100,666
train_r2,test_r2,train_mae,test_mae,train_r2_std,test_r2_std,train_mae_std,test_mae_std,learning_rate,n_estimators,random_state
0.8096930894567675,0.6559184608218357,20.48638313846101,16.392251878176985,0.004781818186171618,0.025107062360932977,0.47958373651558883,3.9068826970466177,0.01,100,789
train_r2,test_r2,train_mae,test_mae,train_r2_std,test_r2_std,train_mae_std,test_mae_std,learning_rate,n_estimators,random_state
0.8096930894567675,0.6565993267283177,20.48638313846101,16.358426938456372,0.004781818186171618,0.02572963997727167,0.47958373651558883,3.939149988311907,0.01,100,123
train_r2,test_r2,train_mae,test_mae,train_r2_std,test_r2_std,train_mae_std,test_mae_std,learning_rate,n_estimators,random_state
0.822052866523492,0.687956662410148,19.828317660743128,15.686964336111918,0.004801140222800229,0.020163180669737966,0.44156492673122977,3.6764941269479605,0.01,105,666
train_r2,test_r2,train_mae,test_mae,train_r2_std,test_r2_std,train_mae_std,test_mae_std,learning_rate,n_estimators,random_state
0.822052866523492,0.6852461769424819,19.828317660743128,15.804335739437443,0.004801140222800229,0.01761860282222985,0.44156492673122977,3.5697053575698208,0.01,105,789
train_r2,test_r2,train_mae,test_mae,train_r2_std,test_r2_std,train_mae_std,test_mae_std,learning_rate,n_estimators,random_state
0.822052866523492,0.6856690384960764,19.828317660743128,15.787122381342238,0.004801140222800229,0.017985522521529077,0.44156492673122977,3.5850848544109946,0.01,105,123
train_r2,test_r2,train_mae,test_mae,train_r2_std,test_r2_std,train_mae_std,test_mae_std,learning_rate,n_estimators,random_state
0.8332652597518502,0.7134850803198218,19.20143876264738,15.142800117720158,0.004809489551524352,0.012826048978679873,0.4054168600173566,3.345296364126434,0.01,110,666
train_r2,test_r2,train_mae,test_mae,train_r2_std,test_r2_std,train_mae_std,test_mae_std,learning_rate,n_estimators,random_state
0.8332652597518502,0.710252102549875,19.20143876264738,15.260171521045686,0.004809489551524352,0.010353255516491541,0.4054168600173566,3.246995518098888,0.01,110,789
train_r2,test_r2,train_mae,test_mae,train_r2_std,test_r2_std,train_mae_std,test_mae_std,learning_rate,n_estimators,random_state
0.8332652597518502,0.7107515913469573,19.20143876264738,15.242958162950481,0.004809489551524352,0.010644936291892811,0.4054168600173566,3.261068799749152,0.01,110,123
train_r2,test_r2,train_mae,test_mae,train_r2_std,test_r2_std,train_mae_std,test_mae_std,learning_rate,n_estimators,random_state
0.8434391289778981,0.735504446827742,18.601328397361815,14.617553686916215,0.00480940663278509,0.006959087470501591,0.3690288618260831,3.0513609825474943,0.01,115,666
train_r2,test_r2,train_mae,test_mae,train_r2_std,test_r2_std,train_mae_std,test_mae_std,learning_rate,n_estimators,random_state
0.8434391289778981,0.7308535142051538,18.601328397361815,14.766047644199125,0.00480940663278509,0.007299197983619215,0.3690288618260831,2.9388476441438462,0.01,115,789
train_r2,test_r2,train_mae,test_mae,train_r2_std,test_r2_std,train_mae_std,test_mae_std,learning_rate,n_estimators,random_state
0.8434391289778981,0.7324237046676059,18.601328397361815,14.718176240174202,0.00480940663278509,0.006478147509751047,0.3690288618260831,2.973965094454636,0.01,115,123
train_r2,test_r2,train_mae,test_mae,train_r2_std,test_r2_std,train_mae_std,test_mae_std,learning_rate,n_estimators,random_state
0.852670236200138,0.7541023121421176,18.03045877454693,14.123434087745622,0.00480105948544922,0.005246671994604561,0.33339177577635587,2.761232138769975,0.01,120,666
train_r2,test_r2,train_mae,test_mae,train_r2_std,test_r2_std,train_mae_std,test_mae_std,learning_rate,n_estimators,random_state
0.852670236200138,0.7483635640792103,18.03045877454693,14.286801029521499,0.00480105948544922,0.012399772054350474,0.33339177577635587,2.653895199586196,0.01,120,789
train_r2,test_r2,train_mae,test_mae,train_r2_std,test_r2_std,train_mae_std,test_mae_std,learning_rate,n_estimators,random_state
0.852670236200138,0.7506395580135704,18.03045877454693,14.224642695935865,0.00480105948544922,0.009377113060284518,0.33339177577635587,2.692903810052179,0.01,120,123
train_r2,test_r2,train_mae,test_mae,train_r2_std,test_r2_std,train_mae_std,test_mae_std,learning_rate,n_estimators,random_state
0.861048082500636,0.7702998379654898,17.488474169503316,13.651930052628408,0.004786401960136239,0.011187007890661271,0.3024857183307092,2.5206344917973995,0.01,125,666
train_r2,test_r2,train_mae,test_mae,train_r2_std,test_r2_std,train_mae_std,test_mae_std,learning_rate,n_estimators,random_state
0.861048082500636,0.7639356152746477,17.488474169503316,13.815296994404283,0.004786401960136239,0.020162099900761708,0.3024857183307092,2.433768001671339,0.01,125,789
train_r2,test_r2,train_mae,test_mae,train_r2_std,test_r2_std,train_mae_std,test_mae_std,learning_rate,n_estimators,random_state
0.861048082500636,0.7669947652391604,17.488474169503316,13.739276067352826,0.004786401960136239,0.015844380171557797,0.3024857183307092,2.471884885744018,0.01,125,123
train_r2,test_r2,train_mae,test_mae,train_r2_std,test_r2_std,train_mae_std,test_mae_std,learning_rate,n_estimators,random_state
0.8686538282077185,0.7845157416631615,16.974110360720232,13.213036508243968,0.004761762395401217,0.018204143056243766,0.2703376571485202,2.3533436831094745,0.01,130,666
train_r2,test_r2,train_mae,test_mae,train_r2_std,test_r2_std,train_mae_std,test_mae_std,learning_rate,n_estimators,random_state
0.8686538282077185,0.7770293483543051,16.974110360720232,13.38958663847167,0.004761762395401217,0.028782467914933642,0.2703376571485202,2.283740867722872,0.01,130,789
train_r2,test_r2,train_mae,test_mae,train_r2_std,test_r2_std,train_mae_std,test_mae_std,learning_rate,n_estimators,random_state
0.8686538282077185,0.7803652910319595,16.974110360720232,13.31356571142021,0.004761762395401217,0.02406777681554548,0.2703376571485202,2.310662845816833,0.01,130,123
train_r2,test_r2,train_mae,test_mae,train_r2_std,test_r2_std,train_mae_std,test_mae_std,learning_rate,n_estimators,random_state
0.8755720347901742,0.7952790889002775,16.47841922258858,12.8768416943664,0.004713151414618713,0.02656156774727253,0.24240775264070863,2.263107116531955,0.01,135,666
train_r2,test_r2,train_mae,test_mae,train_r2_std,test_r2_std,train_mae_std,test_mae_std,learning_rate,n_estimators,random_state
0.8755720347901742,0.7883934503867221,16.47841922258858,13.028188479789302,0.004713151414618713,0.036276802303228134,0.24240775264070863,2.223928788604624,0.01,135,789
train_r2,test_r2,train_mae,test_mae,train_r2_std,test_r2_std,train_mae_std,test_mae_std,learning_rate,n_estimators,random_state
0.8755720347901742,0.7913463446126237,16.47841922258858,12.965083304411765,0.004713151414618713,0.03210876915089516,0.24240775264070863,2.237860833917604,0.01,135,123
train_r2,test_r2,train_mae,test_mae,train_r2_std,test_r2_std,train_mae_std,test_mae_std,learning_rate,n_estimators,random_state
0.8818684371711084,0.8046795364645319,16.008490686315007,12.519575866899773,0.004638658054316924,0.034341229388054555,0.21271447051383527,2.1704673647615245,0.01,140,666
train_r2,test_r2,train_mae,test_mae,train_r2_std,test_r2_std,train_mae_std,test_mae_std,learning_rate,n_estimators,random_state
0.8818684371711084,0.7967534316049439,16.008490686315007,12.682608031127364,0.004638658054316924,0.0455203386400684,0.21271447051383527,2.1533998033322908,0.01,140,789
train_r2,test_r2,train_mae,test_mae,train_r2_std,test_r2_std,train_mae_std,test_mae_std,learning_rate,n_estimators,random_state
0.8818684371711084,0.8016595087095517,16.008490686315007,12.583612086288957,0.004638658054316924,0.038598667991935606,0.21271447051383527,2.160847843039471,0.01,140,123
train_r2,test_r2,train_mae,test_mae,train_r2_std,test_r2_std,train_mae_std,test_mae_std,learning_rate,n_estimators,random_state
0.8876087928786971,0.8116222903054363,15.579194441827019,12.190897463878654,0.004547333775431736,0.0430314455722818,0.19663491913774994,2.0923995678138962,0.01,145,666
train_r2,test_r2,train_mae,test_mae,train_r2_std,test_r2_std,train_mae_std,test_mae_std,learning_rate,n_estimators,random_state
0.8876087928786971,0.8031856537570059,15.579194441827019,12.353929628106243,0.004547333775431736,0.05493699789708547,0.19663491913774994,2.10269154577669,0.01,145,789
train_r2,test_r2,train_mae,test_mae,train_r2_std,test_r2_std,train_mae_std,test_mae_std,learning_rate,n_estimators,random_state
0.8876087928786971,0.8101104210108008,15.579194441827019,12.221257764671387,0.004547333775431736,0.04516395870824128,0.19663491913774994,2.0923958397605293,0.01,145,123
train_r2,test_r2,train_mae,test_mae,train_r2_std,test_r2_std,train_mae_std,test_mae_std,learning_rate,n_estimators,random_state
0.9947517811505721,0.6705238826684421,3.0948024166367567,12.79575029047021,0.0006053605791047001,0.3145314924510059,0.14554898008238706,5.270794690882372,0.05,100,666
train_r2,test_r2,train_mae,test_mae,train_r2_std,test_r2_std,train_mae_std,test_mae_std,learning_rate,n_estimators,random_state
0.9947517811505721,0.6772011416308392,3.0948024166367567,12.748063485107108,0.0006053605791047001,0.2991053883641367,0.14554898008238706,5.053331846946235,0.05,100,789
train_r2,test_r2,train_mae,test_mae,train_r2_std,test_r2_std,train_mae_std,test_mae_std,learning_rate,n_estimators,random_state
0.9947517811505721,0.6665030460667861,3.0948024166367567,12.834746051265748,0.0006053605791047001,0.31915459881458824,0.14554898008238706,5.301397114791555,0.05,100,123
train_r2,test_r2,train_mae,test_mae,train_r2_std,test_r2_std,train_mae_std,test_mae_std,learning_rate,n_estimators,random_state
0.9956766030874066,0.6618779356785606,2.825920869966003,12.839983515064622,0.0005460637579063509,0.32335988710846836,0.15885809753995364,5.413018409267014,0.05,105,666
train_r2,test_r2,train_mae,test_mae,train_r2_std,test_r2_std,train_mae_std,test_mae_std,learning_rate,n_estimators,random_state
0.9956766030874066,0.6678545144140807,2.825920869966003,12.800249777877134,0.0005460637579063509,0.30871991793149584,0.15885809753995364,5.208230071598947,0.05,105,789
train_r2,test_r2,train_mae,test_mae,train_r2_std,test_r2_std,train_mae_std,test_mae_std,learning_rate,n_estimators,random_state
0.9956766030874066,0.6641095060741621,2.825920869966003,12.801571656615137,0.0005460637579063509,0.3194639460317429,0.15885809753995364,5.3399516043328425,0.05,105,123
train_r2,test_r2,train_mae,test_mae,train_r2_std,test_r2_std,train_mae_std,test_mae_std,learning_rate,n_estimators,random_state
0.9964511159317676,0.6549133532307854,2.5651957472679245,12.87555192102444,0.0004381840181926873,0.3305636070366859,0.16276944448869374,5.530201858678056,0.05,110,666
train_r2,test_r2,train_mae,test_mae,train_r2_std,test_r2_std,train_mae_std,test_mae_std,learning_rate,n_estimators,random_state
0.9964511159317676,0.6579250112078645,2.5651957472679245,12.875389705717339,0.0004381840181926873,0.31990276492009045,0.16276944448869374,5.381836414845246,0.05,110,789
train_r2,test_r2,train_mae,test_mae,train_r2_std,test_r2_std,train_mae_std,test_mae_std,learning_rate,n_estimators,random_state
0.9964511159317676,0.6590480566594229,2.5651957472679245,12.802983750367893,0.0004381840181926873,0.32805409701874355,0.16276944448869374,5.504379977790743,0.05,110,123
train_r2,test_r2,train_mae,test_mae,train_r2_std,test_r2_std,train_mae_std,test_mae_std,learning_rate,n_estimators,random_state
0.9971021337885922,0.6433607373756867,2.323599163413137,13.014603296393235,0.00036214594687951915,0.34222293445681656,0.14692356488817707,5.651509601750163,0.05,115,666
train_r2,test_r2,train_mae,test_mae,train_r2_std,test_r2_std,train_mae_std,test_mae_std,learning_rate,n_estimators,random_state
0.9971021337885922,0.646942213565068,2.323599163413137,13.021083232036467,0.00036214594687951915,0.3265197601858204,0.14692356488817707,5.424163705991291,0.05,115,789
train_r2,test_r2,train_mae,test_mae,train_r2_std,test_r2_std,train_mae_std,test_mae_std,learning_rate,n_estimators,random_state
0.9971021337885922,0.653077420312957,2.323599163413137,12.870846653925632,0.00036214594687951915,0.3318255330495122,0.14692356488817707,5.520508025443482,0.05,115,123
train_r2,test_r2,train_mae,test_mae,train_r2_std,test_r2_std,train_mae_std,test_mae_std,learning_rate,n_estimators,random_state
0.9976235772825716,0.6345830922687478,2.11188491454254,13.122991826129818,0.00033238529740457746,0.34736055635212376,0.14690865098805123,5.698909085111633,0.05,120,666
train_r2,test_r2,train_mae,test_mae,train_r2_std,test_r2_std,train_mae_std,test_mae_std,learning_rate,n_estimators,random_state
0.9976235772825716,0.6467019511625317,2.11188491454254,12.999751789068746,0.00033238529740457746,0.32672426713927233,0.14690865098805123,5.442573603766595,0.05,120,789
train_r2,test_r2,train_mae,test_mae,train_r2_std,test_r2_std,train_mae_std,test_mae_std,learning_rate,n_estimators,random_state
0.9976235772825716,0.6488938783660474,2.11188491454254,12.907993470504179,0.00033238529740457746,0.33425291301561955,0.14690865098805123,5.546630994758402,0.05,120,123
train_r2,test_r2,train_mae,test_mae,train_r2_std,test_r2_std,train_mae_std,test_mae_std,learning_rate,n_estimators,random_state
0.9980528710698545,0.6340506800252023,1.918778846809712,13.114027528938335,0.00024237365946319596,0.34832347119718204,0.12030929712443413,5.7192745674659085,0.05,125,666
train_r2,test_r2,train_mae,test_mae,train_r2_std,test_r2_std,train_mae_std,test_mae_std,learning_rate,n_estimators,random_state
0.9980528710698545,0.6444896073494172,1.918778846809712,13.02277610418134,0.00024237365946319596,0.3268799472148851,0.12030929712443413,5.440981895088006,0.05,125,789
train_r2,test_r2,train_mae,test_mae,train_r2_std,test_r2_std,train_mae_std,test_mae_std,learning_rate,n_estimators,random_state
0.9980528710698545,0.6483376525104007,1.918778846809712,12.89902917331267,0.00024237365946319596,0.3352430584161482,0.12030929712443413,5.567460144983843,0.05,125,123
train_r2,test_r2,train_mae,test_mae,train_r2_std,test_r2_std,train_mae_std,test_mae_std,learning_rate,n_estimators,random_state
0.9984095881661504,0.6321775671610724,1.7369553408725456,13.09251326231088,0.00019428570016999424,0.3516301661746988,0.11335509655765935,5.777256051956943,0.05,130,666
train_r2,test_r2,train_mae,test_mae,train_r2_std,test_r2_std,train_mae_std,test_mae_std,learning_rate,n_estimators,random_state
0.9984095881661504,0.6445052943259871,1.7369553408725456,12.982090165681234,0.00019428570016999424,0.3275510073690281,0.11335509655765935,5.471380512612611,0.05,130,789
train_r2,test_r2,train_mae,test_mae,train_r2_std,test_r2_std,train_mae_std,test_mae_std,learning_rate,n_estimators,random_state
0.9984095881661504,0.6464498479525214,1.7369553408725456,12.877514906685215,0.00019428570016999424,0.3385629169363708,0.11335509655765935,5.625878669524289,0.05,130,123
train_r2,test_r2,train_mae,test_mae,train_r2_std,test_r2_std,train_mae_std,test_mae_std,learning_rate,n_estimators,random_state
0.998676665987019,0.6284404109259335,1.5832248370599018,13.104935336526133,0.00014090311638789282,0.35667530896976624,0.09821111558603979,5.85990941549944,0.05,135,666
train_r2,test_r2,train_mae,test_mae,train_r2_std,test_r2_std,train_mae_std,test_mae_std,learning_rate,n_estimators,random_state
0.998676665987019,0.6428532611682001,1.5832248370599018,12.985283717774477,0.00014090311638789282,0.3270333718490065,0.09821111558603979,5.4847578212564265,0.05,135,789
train_r2,test_r2,train_mae,test_mae,train_r2_std,test_r2_std,train_mae_std,test_mae_std,learning_rate,n_estimators,random_state
0.998676665987019,0.6427204289540714,1.5832248370599018,12.889936980900465,0.00014090311638789282,0.3436008821508701,0.09821111558603979,5.708682242083264,0.05,135,123
train_r2,test_r2,train_mae,test_mae,train_r2_std,test_r2_std,train_mae_std,test_mae_std,learning_rate,n_estimators,random_state
0.9989082083742259,0.6255746262789827,1.4467735834949327,13.116853968992132,0.00013104242025773307,0.3598205158502829,0.09635934964227012,5.886186387760201,0.05,140,666
train_r2,test_r2,train_mae,test_mae,train_r2_std,test_r2_std,train_mae_std,test_mae_std,learning_rate,n_estimators,random_state
0.9989082083742259,0.6400943070976782,1.4467735834949327,12.997202350240476,0.00013104242025773307,0.3299886256025582,0.09635934964227012,5.511009202487039,0.05,140,789
train_r2,test_r2,train_mae,test_mae,train_r2_std,test_r2_std,train_mae_std,test_mae_std,learning_rate,n_estimators,random_state
0.9989082083742259,0.6414540314566435,1.4467735834949327,12.885498574599838,0.00013104242025773307,0.34453661262224483,0.09635934964227012,5.7118384695635775,0.05,140,123
train_r2,test_r2,train_mae,test_mae,train_r2_std,test_r2_std,train_mae_std,test_mae_std,learning_rate,n_estimators,random_state
0.999093679932448,0.6239338245511167,1.3211450652391363,13.1179087785027,0.00013102899332025962,0.3625943006834619,0.10600366163474025,5.93807606534245,0.05,145,666
train_r2,test_r2,train_mae,test_mae,train_r2_std,test_r2_std,train_mae_std,test_mae_std,learning_rate,n_estimators,random_state
0.999093679932448,0.6357186176773613,1.3211450652391363,13.037662286310024,0.00013102899332025962,0.33411911856429877,0.10600366163474025,5.567672303206838,0.05,145,789
train_r2,test_r2,train_mae,test_mae,train_r2_std,test_r2_std,train_mae_std,test_mae_std,learning_rate,n_estimators,random_state
0.999093679932448,0.6398852860845504,1.3211450652391363,12.882009601161522,0.00013102899332025962,0.34721216101382185,0.10600366163474025,5.7579068261463275,0.05,145,123
train_r2,test_r2,train_mae,test_mae,train_r2_std,test_r2_std,train_mae_std,test_mae_std,learning_rate,n_estimators,random_state
0.9999078493911947,0.6363630550488066,0.42757703875333336,12.845649207310847,2.564163736996236e-05,0.3473284620004956,0.04757134335820811,5.772727461474061,0.1,100,666
train_r2,test_r2,train_mae,test_mae,train_r2_std,test_r2_std,train_mae_std,test_mae_std,learning_rate,n_estimators,random_state
0.9999078493911947,0.6096831117085869,0.42757703875333336,13.281201084421985,2.564163736996236e-05,0.34942804055479154,0.04757134335820811,5.693502811807661,0.1,100,789
train_r2,test_r2,train_mae,test_mae,train_r2_std,test_r2_std,train_mae_std,test_mae_std,learning_rate,n_estimators,random_state
0.9999078493911947,0.6217613214072505,0.42757703875333336,13.073460883655192,2.564163736996236e-05,0.3453233858796,0.04757134335820811,5.638026075106249,0.1,100,123
train_r2,test_r2,train_mae,test_mae,train_r2_std,test_r2_std,train_mae_std,test_mae_std,learning_rate,n_estimators,random_state
0.999938088709235,0.6333956062828286,0.3530174380637605,12.877496235450876,2.2266215519932355e-05,0.349758214649294,0.045778896761728576,5.79661649505925,0.1,105,666
train_r2,test_r2,train_mae,test_mae,train_r2_std,test_r2_std,train_mae_std,test_mae_std,learning_rate,n_estimators,random_state
0.999938088709235,0.6064545260682793,0.3530174380637605,13.313048112562038,2.2266215519932355e-05,0.35190214227635835,0.045778896761728576,5.7200340569942725,0.1,105,789
train_r2,test_r2,train_mae,test_mae,train_r2_std,test_r2_std,train_mae_std,test_mae_std,learning_rate,n_estimators,random_state
0.999938088709235,0.6182965333004292,0.3530174380637605,13.107382195872042,2.2266215519932355e-05,0.3485122096648827,0.045778896761728576,5.671983959119132,0.1,105,123
train_r2,test_r2,train_mae,test_mae,train_r2_std,test_r2_std,train_mae_std,test_mae_std,learning_rate,n_estimators,random_state
0.9999572429477395,0.6327573486652281,0.291915024963032,12.885499734887404,1.3440275156467862e-05,0.35060698736971135,0.03178852538298809,5.806559429678198,0.1,110,666
train_r2,test_r2,train_mae,test_mae,train_r2_std,test_r2_std,train_mae_std,test_mae_std,learning_rate,n_estimators,random_state
0.9999572429477395,0.6058196160638475,0.291915024963032,13.321051611998568,1.3440275156467862e-05,0.3527295539638673,0.03178852538298809,5.731040889469309,0.1,110,789
train_r2,test_r2,train_mae,test_mae,train_r2_std,test_r2_std,train_mae_std,test_mae_std,learning_rate,n_estimators,random_state
0.9999572429477395,0.6182121897913081,0.291915024963032,13.10976507637372,1.3440275156467862e-05,0.34858457690132905,0.03178852538298809,5.67469573416956,0.1,110,123
train_r2,test_r2,train_mae,test_mae,train_r2_std,test_r2_std,train_mae_std,test_mae_std,learning_rate,n_estimators,random_state
0.9999719732653141,0.6315121171605714,0.23968884424832973,12.905359701773564,9.892719839649393e-06,0.3510771078905365,0.029035471875437247,5.804173077597685,0.1,115,666
train_r2,test_r2,train_mae,test_mae,train_r2_std,test_r2_std,train_mae_std,test_mae_std,learning_rate,n_estimators,random_state
0.9999719732653141,0.6048743895496645,0.23968884424832973,13.333736622881146,9.892719839649393e-06,0.3533699329184718,0.029035471875437247,5.734559230271666,0.1,115,789
train_r2,test_r2,train_mae,test_mae,train_r2_std,test_r2_std,train_mae_std,test_mae_std,learning_rate,n_estimators,random_state
0.9999719732653141,0.616219258146252,0.23968884424832973,13.134717392427001,9.892719839649393e-06,0.35071530034753534,0.029035471875437247,5.695172444218049,0.1,115,123
train_r2,test_r2,train_mae,test_mae,train_r2_std,test_r2_std,train_mae_std,test_mae_std,learning_rate,n_estimators,random_state
0.9999805726362586,0.630981246235777,0.1985248334580787,12.91052136850764,6.357074687943623e-06,0.35183788675596817,0.018969210138677577,5.812643370674952,0.1,120,666
train_r2,test_r2,train_mae,test_mae,train_r2_std,test_r2_std,train_mae_std,test_mae_std,learning_rate,n_estimators,random_state
0.9999805726362586,0.6047360025495188,0.1985248334580787,13.333877957629234,6.357074687943623e-06,0.3535753141179532,0.018969210138677577,5.736459878046303,0.1,120,789
train_r2,test_r2,train_mae,test_mae,train_r2_std,test_r2_std,train_mae_std,test_mae_std,learning_rate,n_estimators,random_state
0.9999805726362586,0.6156897446500991,0.1985248334580787,13.139879059161077,6.357074687943623e-06,0.3514647091223233,0.018969210138677577,5.703969194252821,0.1,120,123
train_r2,test_r2,train_mae,test_mae,train_r2_std,test_r2_std,train_mae_std,test_mae_std,learning_rate,n_estimators,random_state
0.9999871864219907,0.6299995051471639,0.16048046963875132,12.920290194842222,4.373572479760059e-06,0.3526710252142497,0.018129033283464064,5.817796756018395,0.1,125,666
train_r2,test_r2,train_mae,test_mae,train_r2_std,test_r2_std,train_mae_std,test_mae_std,learning_rate,n_estimators,random_state
0.9999871864219907,0.60401050960139,0.16048046963875132,13.339058773073688,4.373572479760059e-06,0.3545030984561002,0.018129033283464064,5.745294244454757,0.1,125,789
train_r2,test_r2,train_mae,test_mae,train_r2_std,test_r2_std,train_mae_std,test_mae_std,learning_rate,n_estimators,random_state
0.9999871864219907,0.6149223839831824,0.16048046963875132,13.145059874605534,4.373572479760059e-06,0.3524522473657538,0.018129033283464064,5.7126018374698875,0.1,125,123
train_r2,test_r2,train_mae,test_mae,train_r2_std,test_r2_std,train_mae_std,test_mae_std,learning_rate,n_estimators,random_state
0.9999912823849889,0.6293204074067659,0.13267056349001094,12.934094637846783,2.515361721486055e-06,0.35310928441827566,0.011536824214360232,5.819157463095964,0.1,130,666
train_r2,test_r2,train_mae,test_mae,train_r2_std,test_r2_std,train_mae_std,test_mae_std,learning_rate,n_estimators,random_state
0.9999912823849889,0.6036480735585069,0.13267056349001094,13.349332910422795,2.515361721486055e-06,0.35445893380733795,0.011536824214360232,5.742279651310273,0.1,130,789
train_r2,test_r2,train_mae,test_mae,train_r2_std,test_r2_std,train_mae_std,test_mae_std,learning_rate,n_estimators,random_state
0.9999912823849889,0.6145816442439314,0.13267056349001094,13.155334011954642,2.515361721486055e-06,0.3523922861235705,0.011536824214360232,5.7093630956253145,0.1,130,123
train_r2,test_r2,train_mae,test_mae,train_r2_std,test_r2_std,train_mae_std,test_mae_std,learning_rate,n_estimators,random_state
0.9999939491861224,0.6287358795294639,0.11142565290462396,12.940043023542444,1.5921690857860751e-06,0.35368519687903277,0.008303431255337165,5.825043671982189,0.1,135,666
train_r2,test_r2,train_mae,test_mae,train_r2_std,test_r2_std,train_mae_std,test_mae_std,learning_rate,n_estimators,random_state
0.9999939491861224,0.6032549277221992,0.11142565290462396,13.354242440893799,1.5921690857860751e-06,0.35440054483235545,0.008303431255337165,5.741281513576564,0.1,135,789
train_r2,test_r2,train_mae,test_mae,train_r2_std,test_r2_std,train_mae_std,test_mae_std,learning_rate,n_estimators,random_state
0.9999939491861224,0.6139734358048579,0.11142565290462396,13.161282397650298,1.5921690857860751e-06,0.352975291694909,0.008303431255337165,5.7155870833574305,0.1,135,123
train_r2,test_r2,train_mae,test_mae,train_r2_std,test_r2_std,train_mae_std,test_mae_std,learning_rate,n_estimators,random_state
0.9999957325781472,0.6284813847653439,0.09382144839455957,12.938796197085807,7.669576364960405e-07,0.35397270492239674,0.003971214029845167,5.830668085717878,0.1,140,666
train_r2,test_r2,train_mae,test_mae,train_r2_std,test_r2_std,train_mae_std,test_mae_std,learning_rate,n_estimators,random_state
0.9999957325781472,0.6031709225442209,0.09382144839455957,13.351214695632443,7.669576364960405e-07,0.3544421770473665,0.003971214029845167,5.744822198699408,0.1,140,789
train_r2,test_r2,train_mae,test_mae,train_r2_std,test_r2_std,train_mae_std,test_mae_std,learning_rate,n_estimators,random_state
0.9999957325781472,0.6137106606540463,0.09382144839455957,13.160035571193665,7.669576364960405e-07,0.35326703833140566,0.003971214029845167,5.721481907136001,0.1,140,123
train_r2,test_r2,train_mae,test_mae,train_r2_std,test_r2_std,train_mae_std,test_mae_std,learning_rate,n_estimators,random_state
0.9999970378176531,0.6280409978206739,0.07721849935335158,12.94577196631561,6.032348890720667e-07,0.35429509823423005,0.004735899251637288,5.832519570273435,0.1,145,666
train_r2,test_r2,train_mae,test_mae,train_r2_std,test_r2_std,train_mae_std,test_mae_std,learning_rate,n_estimators,random_state
0.9999970378176531,0.6027069487061826,0.07721849935335158,13.358190464862268,6.032348890720667e-07,0.3547565740807804,0.004735899251637288,5.746949478603913,0.1,145,789
train_r2,test_r2,train_mae,test_mae,train_r2_std,test_r2_std,train_mae_std,test_mae_std,learning_rate,n_estimators,random_state
0.9999970378176531,0.6132457896243358,0.07721849935335158,13.16701134042349,6.032348890720667e-07,0.35359739808529383,0.004735899251637288,5.723508879049805,0.1,145,123
train_r2,test_r2,train_mae,test_mae,train_r2_std,test_r2_std,train_mae_std,test_mae_std,learning_rate,n_estimators,random_state
0.16821943895968805,-1.4587404424536323,40.09320635825432,41.07987145744994,0.0008431346468349679,0.5584917336599164,1.7402190337660166,7.799211206349239,0.001,100,666
train_r2,test_r2,train_mae,test_mae,train_r2_std,test_r2_std,train_mae_std,test_mae_std,learning_rate,n_estimators,random_state
0.16821943895968805,-1.4562277363329343,40.09320635825432,41.05751272852667,0.0008431346468349679,0.5564561973967418,1.7402190337660166,7.813768762595483,0.001,100,789
train_r2,test_r2,train_mae,test_mae,train_r2_std,test_r2_std,train_mae_std,test_mae_std,learning_rate,n_estimators,random_state
0.16821943895968805,-1.4567448018357156,40.09320635825432,41.062124423213895,0.0008431346468349679,0.5568738257636286,1.7402190337660166,7.810757874578214,0.001,100,123
train_r2,test_r2,train_mae,test_mae,train_r2_std,test_r2_std,train_mae_std,test_mae_std,learning_rate,n_estimators,random_state
0.17577905873817848,-1.4302836590907024,39.92061155587442,40.84500773071292,0.000881024306861559,0.5492154389163915,1.7211781113462472,7.7796854921481335,0.001,105,666
train_r2,test_r2,train_mae,test_mae,train_r2_std,test_r2_std,train_mae_std,test_mae_std,learning_rate,n_estimators,random_state
0.17577905873817848,-1.4282696166382223,39.92061155587442,40.82690656909228,0.000881024306861559,0.5475934011600677,1.7211781113462472,7.791539137897969,0.001,105,789
train_r2,test_r2,train_mae,test_mae,train_r2_std,test_r2_std,train_mae_std,test_mae_std,learning_rate,n_estimators,random_state
0.17577905873817848,-1.4283089265421143,39.92061155587442,40.827260696476884,0.000881024306861559,0.5476249641701699,1.7211781113462472,7.7913066019475545,0.001,105,123
train_r2,test_r2,train_mae,test_mae,train_r2_std,test_r2_std,train_mae_std,test_mae_std,learning_rate,n_estimators,random_state
0.1832634215962051,-1.4021447383638002,39.7488780032835,40.61131597631981,0.0009185367707846661,0.5400720779428488,1.7022327018993528,7.760343903874014,0.001,110,666
train_r2,test_r2,train_mae,test_mae,train_r2_std,test_r2_std,train_mae_std,test_mae_std,learning_rate,n_estimators,random_state
0.1832634215962051,-1.4001519147705495,39.7488780032835,40.59321481469916,0.0009185367707846661,0.5384778766369253,1.7022327018993528,7.772273341946107,0.001,110,789
train_r2,test_r2,train_mae,test_mae,train_r2_std,test_r2_std,train_mae_std,test_mae_std,learning_rate,n_estimators,random_state
0.1832634215962051,-1.4001908095530655,39.7488780032835,40.593568942083756,0.0009185367707846661,0.5385088953703753,1.7022327018993528,7.772039323863793,0.001,110,123
train_r2,test_r2,train_mae,test_mae,train_r2_std,test_r2_std,train_mae_std,test_mae_std,learning_rate,n_estimators,random_state
0.1906732767254263,-1.375245165642079,39.57800140283646,40.38725028538565,0.0009556757936356812,0.5317983637444117,1.6833823405174202,7.735597142838651,0.001,115,666
train_r2,test_r2,train_mae,test_mae,train_r2_std,test_r2_std,train_mae_std,test_mae_std,learning_rate,n_estimators,random_state
0.1906732767254263,-1.372348632781595,39.57800140283646,40.36068918449621,0.0009556757936356812,0.5294936434163756,1.6833823405174202,7.753190395946823,0.001,115,789
train_r2,test_r2,train_mae,test_mae,train_r2_std,test_r2_std,train_mae_std,test_mae_std,learning_rate,n_estimators,random_state
0.1906732767254263,-1.3733061401719562,39.57800140283646,40.36949056758459,0.0009556757936356812,0.5302531222193365,1.6833823405174202,7.747344881535716,0.001,115,123
train_r2,test_r2,train_mae,test_mae,train_r2_std,test_r2_std,train_mae_std,test_mae_std,learning_rate,n_estimators,random_state
0.19800936585920828,-1.3481784065740943,39.40797747833357,40.160095927928836,0.0009924450930641816,0.5232659783550887,1.6646265649927354,7.713791355738282,0.001,120,666
train_r2,test_r2,train_mae,test_mae,train_r2_std,test_r2_std,train_mae_std,test_mae_std,learning_rate,n_estimators,random_state
0.19800936585920828,-1.3448564684045532,39.40797747833357,40.12932385951199,0.0009924450930641816,0.5206392186156746,1.6646265649927354,7.734289159705837,0.001,120,789
train_r2,test_r2,train_mae,test_mae,train_r2_std,test_r2_std,train_mae_std,test_mae_std,learning_rate,n_estimators,random_state
0.19800936585920828,-1.3462559788161936,39.40797747833357,40.14231939150664,0.0009924450930641816,0.5217423104420201,1.6646265649927354,7.725609343890799,0.001,120,123
train_r2,test_r2,train_mae,test_mae,train_r2_std,test_r2_std,train_mae_std,test_mae_std,learning_rate,n_estimators,random_state
0.20527242334687165,-1.320958556416678,39.238801974913315,39.92988511822878,0.0010288483497130478,0.5144932863791591,1.645964915820146,7.694942517346906,0.001,125,666
train_r2,test_r2,train_mae,test_mae,train_r2_std,test_r2_std,train_mae_std,test_mae_std,learning_rate,n_estimators,random_state
0.20527242334687165,-1.317672153106279,39.238801974913315,39.899113049811945,0.0010288483497130478,0.5119131349539634,1.645964915820146,7.715568494805008,0.001,125,789
train_r2,test_r2,train_mae,test_mae,train_r2_std,test_r2_std,train_mae_std,test_mae_std,learning_rate,n_estimators,random_state
0.20527242334687165,-1.3195032050873918,39.238801974913315,39.9162901608444,0.0010288483497130478,0.5133471005140374,1.645964915820146,7.704031476265764,0.001,125,123
train_r2,test_r2,train_mae,test_mae,train_r2_std,test_r2_std,train_mae_std,test_mae_std,learning_rate,n_estimators,random_state
0.21246317622720198,-1.294485210756515,39.07047065894605,39.70498377568679,0.00106488920758135,0.5061942330773207,1.6273969362002354,7.673481847024985,0.001,130,666
train_r2,test_r2,train_mae,test_mae,train_r2_std,test_r2_std,train_mae_std,test_mae_std,learning_rate,n_estimators,random_state
0.21246317622720198,-1.290792451747149,39.07047065894605,39.67005099435335,0.00106488920758135,0.5033139405732471,1.6273969362002354,7.697027264629127,0.001,130,789
train_r2,test_r2,train_mae,test_mae,train_r2_std,test_r2_std,train_mae_std,test_mae_std,learning_rate,n_estimators,random_state
0.21246317622720198,-1.2926037669858557,39.07047065894605,39.687228105385806,0.00106488920758135,0.5047220391521032,1.6273969362002354,7.6854188663493375,0.001,130,123
train_r2,test_r2,train_mae,test_mae,train_r2_std,test_r2_std,train_mae_std,test_mae_std,learning_rate,n_estimators,random_state
0.21958246318656297,-1.2680202305421073,38.90334289392942,39.48209603780355,0.0011006550980308095,0.49777655688988015,1.609178160224439,7.6514175356005945,0.001,135,666
train_r2,test_r2,train_mae,test_mae,train_r2_std,test_r2_std,train_mae_std,test_mae_std,learning_rate,n_estimators,random_state
0.21958246318656297,-1.2652304034526811,38.90334289392942,39.4554473106926,0.0011006550980308095,0.49561334593062273,1.609178160224439,7.669467378795639,0.001,135,789
train_r2,test_r2,train_mae,test_mae,train_r2_std,test_r2_std,train_mae_std,test_mae_std,learning_rate,n_estimators,random_state
0.21958246318656297,-1.266591339787998,38.90334289392942,39.46847204265824,0.0011006550980308095,0.4966658674026103,1.609178160224439,7.660627554770387,0.001,135,123
train_r2,test_r2,train_mae,test_mae,train_r2_std,test_r2_std,train_mae_std,test_mae_std,learning_rate,n_estimators,random_state
0.22663160130411875,-1.2425854876802112,38.73775958337728,39.27446030651978,0.001136575774988772,0.4900294467537174,1.5915510578062368,7.61966967064305,0.001,140,666
train_r2,test_r2,train_mae,test_mae,train_r2_std,test_r2_std,train_mae_std,test_mae_std,learning_rate,n_estimators,random_state
0.22663160130411875,-1.239398410526864,38.73775958337728,39.243700521353496,0.001136575774988772,0.4875750354368925,1.5915510578062368,7.64061765262171,0.001,140,789
train_r2,test_r2,train_mae,test_mae,train_r2_std,test_r2_std,train_mae_std,test_mae_std,learning_rate,n_estimators,random_state
0.22663160130411875,-1.2420267712470787,38.73775958337728,39.26908726254936,0.001136575774988772,0.4895970616784202,1.5915510578062368,7.62331506911794,0.001,140,123
train_r2,test_r2,train_mae,test_mae,train_r2_std,test_r2_std,train_mae_std,test_mae_std,learning_rate,n_estimators,random_state
0.23361129516549725,-1.216857548717493,38.57261609374254,39.05876550614744,0.0011726541055466146,0.4819576107850746,1.5737403612738365,7.594459557480477,0.001,145,666
train_r2,test_r2,train_mae,test_mae,train_r2_std,test_r2_std,train_mae_std,test_mae_std,learning_rate,n_estimators,random_state
0.23361129516549725,-1.2137052885339907,38.57261609374254,39.028005720981156,0.0011726541055466146,0.4795488355098886,1.5737403612738365,7.615534305106083,0.001,145,789
train_r2,test_r2,train_mae,test_mae,train_r2_std,test_r2_std,train_mae_std,test_mae_std,learning_rate,n_estimators,random_state
0.23361129516549725,-1.2175696024915734,38.57261609374254,39.06567638169486,0.0011726541055466146,0.4825057589730791,1.5737403612738365,7.589750893252691,0.001,145,123
train_r2,test_r2,train_mae,test_mae,train_r2_std,test_r2_std,train_mae_std,test_mae_std,learning_rate,n_estimators,random_state
0.9999983999123834,0.5634561984280793,0.058807217552157454,13.762601001869688,3.6498439478845594e-07,0.39059178587738824,0.004989389933206611,6.0747376232058805,0.15,100,666
train_r2,test_r2,train_mae,test_mae,train_r2_std,test_r2_std,train_mae_std,test_mae_std,learning_rate,n_estimators,random_state
0.9999983999123834,0.5806563982513692,0.058807217552157454,13.511444808242976,3.6498439478845594e-07,0.39222892779982665,0.004989389933206611,6.154694036307548,0.15,100,789
train_r2,test_r2,train_mae,test_mae,train_r2_std,test_r2_std,train_mae_std,test_mae_std,learning_rate,n_estimators,random_state
0.9999983999123834,0.5570099067410103,0.058807217552157454,13.806945962937952,3.6498439478845594e-07,0.4063361770063047,0.004989389933206611,6.25066446674162,0.15,100,123
train_r2,test_r2,train_mae,test_mae,train_r2_std,test_r2_std,train_mae_std,test_mae_std,learning_rate,n_estimators,random_state
0.9999990546729706,0.5631357778747588,0.04481961918395427,13.767858040433566,2.6340256516037757e-07,0.39063705529035025,0.004611167361630701,6.075544702516047,0.15,105,666
train_r2,test_r2,train_mae,test_mae,train_r2_std,test_r2_std,train_mae_std,test_mae_std,learning_rate,n_estimators,random_state
0.9999990546729706,0.5803763010713995,0.04481961918395427,13.516701846806855,2.6340256516037757e-07,0.3922490469389901,0.004611167361630701,6.155291514171642,0.15,105,789
train_r2,test_r2,train_mae,test_mae,train_r2_std,test_r2_std,train_mae_std,test_mae_std,learning_rate,n_estimators,random_state
0.9999990546729706,0.5566838776652716,0.04481961918395427,13.812203001501834,2.6340256516037757e-07,0.4063947800872587,0.004611167361630701,6.251403034877929,0.15,105,123
train_r2,test_r2,train_mae,test_mae,train_r2_std,test_r2_std,train_mae_std,test_mae_std,learning_rate,n_estimators,random_state
0.9999994179756276,0.5629954124995824,0.03431814840732588,13.769288266589912,1.8886255923569878e-07,0.3907507106083074,0.004228788484223569,6.0771087404573,0.15,110,666
train_r2,test_r2,train_mae,test_mae,train_r2_std,test_r2_std,train_mae_std,test_mae_std,learning_rate,n_estimators,random_state
0.9999994179756276,0.5802541508708811,0.03431814840732588,13.5181320729632,1.8886255923569878e-07,0.3923422916649694,0.004228788484223569,6.156692652987782,0.15,110,789
train_r2,test_r2,train_mae,test_mae,train_r2_std,test_r2_std,train_mae_std,test_mae_std,learning_rate,n_estimators,random_state
0.9999994179756276,0.5566033541617676,0.03431814840732588,13.812949839375634,1.8886255923569878e-07,0.406426946840093,0.004228788484223569,6.251952988925575,0.15,110,123
train_r2,test_r2,train_mae,test_mae,train_r2_std,test_r2_std,train_mae_std,test_mae_std,learning_rate,n_estimators,random_state
0.9999996632778276,0.5628217578843916,0.02631370493491798,13.769326249572385,6.327630178903538e-08,0.39078779817086956,0.00150315016345921,6.080182801977259,0.15,115,666
train_r2,test_r2,train_mae,test_mae,train_r2_std,test_r2_std,train_mae_std,test_mae_std,learning_rate,n_estimators,random_state
0.9999996632778276,0.5800963500640258,0.02631370493491798,13.518170055945676,6.327630178903538e-08,0.39237102345120106,0.00150315016345921,6.15948142934939,0.15,115,789
train_r2,test_r2,train_mae,test_mae,train_r2_std,test_r2_std,train_mae_std,test_mae_std,learning_rate,n_estimators,random_state
0.9999996632778276,0.5564297038755329,0.02631370493491798,13.812987822358105,6.327630178903538e-08,0.4064659472693765,0.00150315016345921,6.254934124367304,0.15,115,123
train_r2,test_r2,train_mae,test_mae,train_r2_std,test_r2_std,train_mae_std,test_mae_std,learning_rate,n_estimators,random_state
0.9999997971435942,0.5626248749710583,0.02051906190317886,13.772247279088866,2.049308413230336e-08,0.39090247461930927,0.0007342974154915007,6.0817373938367885,0.15,120,666
train_r2,test_r2,train_mae,test_mae,train_r2_std,test_r2_std,train_mae_std,test_mae_std,learning_rate,n_estimators,random_state
0.9999997971435942,0.5799019355705699,0.02051906190317886,13.521091085462153,2.049308413230336e-08,0.392488503604324,0.0007342974154915007,6.160857520423265,0.15,120,789
train_r2,test_r2,train_mae,test_mae,train_r2_std,test_r2_std,train_mae_std,test_mae_std,learning_rate,n_estimators,random_state
0.9999997971435942,0.5562348809287124,0.02051906190317886,13.815908851874587,2.049308413230336e-08,0.40657864617595824,0.0007342974154915007,6.256430412326886,0.15,120,123
train_r2,test_r2,train_mae,test_mae,train_r2_std,test_r2_std,train_mae_std,test_mae_std,learning_rate,n_estimators,random_state
0.9999998835080947,0.5623568998713212,0.015569538176824457,13.774781995725208,2.3984528596280458e-08,0.3911325875977421,0.0009114192934873872,6.084308142933935,0.15,125,666
train_r2,test_r2,train_mae,test_mae,train_r2_std,test_r2_std,train_mae_std,test_mae_std,learning_rate,n_estimators,random_state
0.9999998835080947,0.579642516530264,0.015569538176824457,13.523625802098499,2.3984528596280458e-08,0.3927218699126805,0.0009114192934873872,6.163360495045174,0.15,125,789
train_r2,test_r2,train_mae,test_mae,train_r2_std,test_r2_std,train_mae_std,test_mae_std,learning_rate,n_estimators,random_state
0.9999998835080947,0.5559674882816724,0.015569538176824457,13.81844356851093,2.3984528596280458e-08,0.4068115149099798,0.0009114192934873872,6.258979451936896,0.15,125,123
train_r2,test_r2,train_mae,test_mae,train_r2_std,test_r2_std,train_mae_std,test_mae_std,learning_rate,n_estimators,random_state
0.999999927116031,0.5622341643775076,0.0123569246856808,13.776179711740168,1.4230419150523939e-08,0.39119420182658465,0.0006358514193013972,6.085026054288729,0.15,130,666
train_r2,test_r2,train_mae,test_mae,train_r2_std,test_r2_std,train_mae_std,test_mae_std,learning_rate,n_estimators,random_state
0.999999927116031,0.579523451649961,0.0123569246856808,13.525023518113457,1.4230419150523939e-08,0.3927848427569261,0.0006358514193013972,6.16397157917788,0.15,130,789
train_r2,test_r2,train_mae,test_mae,train_r2_std,test_r2_std,train_mae_std,test_mae_std,learning_rate,n_estimators,random_state
0.999999927116031,0.5558461300159926,0.0123569246856808,13.819841284525888,1.4230419150523939e-08,0.40687234412968654,0.0006358514193013972,6.259662380283441,0.15,130,123
train_r2,test_r2,train_mae,test_mae,train_r2_std,test_r2_std,train_mae_std,test_mae_std,learning_rate,n_estimators,random_state
0.9999999594478283,0.5621073984092378,0.009141911105211245,13.777232340147835,9.830303588355466e-09,0.3913101300495572,0.0006861218616687892,6.0866023283171,0.15,135,666
train_r2,test_r2,train_mae,test_mae,train_r2_std,test_r2_std,train_mae_std,test_mae_std,learning_rate,n_estimators,random_state
0.9999999594478283,0.5794017079027857,0.009141911105211245,13.5260761465211,9.830303588355466e-09,0.39289929342080887,0.0006861218616687892,6.165500932316112,0.15,135,789
train_r2,test_r2,train_mae,test_mae,train_r2_std,test_r2_std,train_mae_std,test_mae_std,learning_rate,n_estimators,random_state
0.9999999594478283,0.5557180198156728,0.009141911105211245,13.820893912933556,9.830303588355466e-09,0.40699146220674,0.0006861218616687892,6.261223564544376,0.15,135,123
train_r2,test_r2,train_mae,test_mae,train_r2_std,test_r2_std,train_mae_std,test_mae_std,learning_rate,n_estimators,random_state
0.9999999752509239,0.5620470821197109,0.00719456307989377,13.778051154398641,6.002398499282243e-09,0.3913017340681631,0.00045565258615684905,6.08647287784641,0.15,140,666
train_r2,test_r2,train_mae,test_mae,train_r2_std,test_r2_std,train_mae_std,test_mae_std,learning_rate,n_estimators,random_state
0.9999999752509239,0.5793467520913888,0.00719456307989377,13.526894960771907,6.002398499282243e-09,0.39288917447039945,0.00045565258615684905,6.165313035317507,0.15,140,789
train_r2,test_r2,train_mae,test_mae,train_r2_std,test_r2_std,train_mae_std,test_mae_std,learning_rate,n_estimators,random_state
0.9999999752509239,0.5556585406087771,0.00719456307989377,13.821712727184364,6.002398499282243e-09,0.40698273782328215,0.00045565258615684905,6.261074843216982,0.15,140,123
train_r2,test_r2,train_mae,test_mae,train_r2_std,test_r2_std,train_mae_std,test_mae_std,learning_rate,n_estimators,random_state
0.9999999855159891,0.561974746544074,0.005469257443346957,13.77873468801076,4.264651025861751e-09,0.3913638035197109,0.0004781356693076381,6.087238412664207,0.15,145,666
train_r2,test_r2,train_mae,test_mae,train_r2_std,test_r2_std,train_mae_std,test_mae_std,learning_rate,n_estimators,random_state
0.9999999855159891,0.5792760859441982,0.005469257443346957,13.527578494384025,4.264651025861751e-09,0.39295204588722543,0.0004781356693076381,6.166043507746171,0.15,145,789
train_r2,test_r2,train_mae,test_mae,train_r2_std,test_r2_std,train_mae_std,test_mae_std,learning_rate,n_estimators,random_state
0.9999999855159891,0.5555862773123587,0.005469257443346957,13.822396260796483,4.264651025861751e-09,0.40704542775525226,0.0004781356693076381,6.26182900307192,0.15,145,123
